Dara    23  dara@gmail.com
Rose    18  rose@gmail.com
Jack    20  jack@gmail.com
Soka    24  soka@gmail.com
Nara	21	nara@gmail.com
Meow	20	meow@gmail.com
Nest	25	nest@gmail.com